model,task,MAE,RMSE,Accuracy,Precision,Recall,F1,ROC_AUC
Linear Regression,Regression,81.93032204635867,97.20070327733913,,,,,
Logistic Regression,Classification,,,0.5,0.5555555555555556,0.2777777777777778,0.37037037037037035,0.6423611111111112
