cluster,player_count,avg_ppr_points,fantasy_relevance_rate
0,64,168.5265625,0.53125
1,42,191.25238095238097,0.14285714285714285
2,48,165.42499999999998,0.4791666666666667
